{
  "parent": "minecraft:block/block",
  "texture_size": [
    32,
    32
  ],
  "textures": {
    "0": "spectrum:block/bone_ash_shingles",
    "1": "spectrum:block/bone_ash_tiles",
    "particle": "spectrum:block/bone_ash_shingles"
  },
  "elements": [
    {
      "name": "base",
			"from": [2.93579, 8.68185, 0.002],
			"to": [18.93579, 10.65685, 15.998],
			"rotation": {"angle": 22.5, "axis": "z", "origin": [6.58579, 6.90685, 8]},
			"faces": {
				"north": {"uv": [15.5, 0, 16, 8], "rotation": 270, "texture": "#0"},
				"east": {"uv": [15.502, 7.5, 16, 8], "texture": "#0", "cullface": "east"},
				"south": {"uv": [15.5, 0, 16, 8], "rotation": 90, "texture": "#0"},
				"west": {"uv": [15.502, 7.5, 16, 8], "texture": "#0"},
				"up": {"uv": [15.998, 0, 15.5, 8], "rotation": 90, "texture": "#0"},
				"down": {"uv": [15.998, 0, 15.5, 8], "rotation": 90, "texture": "#0"}
			}
		},
		{
			"name": "shingle",
			"from": [2.73579, 8.65685, 0.334],
			"to": [18.73679, 12.65685, 7.334],
			"rotation": {"angle": 22.5, "axis": "z", "origin": [6.58579, 6.90685, 8]},
			"faces": {
				"north": {"uv": [3.5, 8, 5, 0], "rotation": 90, "texture": "#0"},
				"east": {"uv": [2, 0, 0, 1.5], "texture": "#0", "cullface": "east"},
				"south": {"uv": [2, 8, 3.5, 0], "rotation": 270, "texture": "#0"},
				"west": {"uv": [2, 0, 0, 1.5], "texture": "#0"},
				"up": {"uv": [13.5, 0, 15.5, 8], "rotation": 90, "texture": "#0"},
				"down": {"uv": [13.5, 8, 15.5, 0], "rotation": 270, "texture": "#0"}
			}
		},
		{
			"name": "shingle",
			"from": [2.73579, 8.65685, 8.667],
			"to": [18.73579, 12.65685, 15.667],
			"rotation": {"angle": 22.5, "axis": "z", "origin": [6.58579, 6.90685, 8]},
			"faces": {
				"north": {"uv": [3.5, 8, 5, 0], "rotation": 90, "texture": "#0"},
				"east": {"uv": [2, 0, 0, 1.5], "texture": "#0", "cullface": "east"},
				"south": {"uv": [2, 8, 3.5, 0], "rotation": 270, "texture": "#0"},
				"west": {"uv": [2, 0, 0, 1.5], "texture": "#0"},
				"up": {"uv": [9.5, 0, 11.5, 8], "rotation": 90, "texture": "#0"},
				"down": {"uv": [13.5, 8, 15.5, 0], "rotation": 270, "texture": "#0"}
			}
		},
		{
			"name": "base",
			"from": [-7.06421, 4.68185, 0.002],
			"to": [8.93579, 6.65685, 15.998],
			"rotation": {"angle": 22.5, "axis": "z", "origin": [6.58579, 6.90685, 8]},
			"faces": {
				"north": {"uv": [15.5, 0, 16, 8], "rotation": 270, "texture": "#0"},
				"east": {"uv": [15.502, 7.5, 16, 8], "texture": "#0"},
				"south": {"uv": [15.5, 0, 16, 8], "rotation": 90, "texture": "#0"},
				"west": {"uv": [15.5, 7.5, 16, 8], "texture": "#0"},
				"up": {"uv": [15.5, 0, 15.998, 8], "rotation": 90, "texture": "#0"},
				"down": {"uv": [15.5, 0, 15.998, 8], "rotation": 90, "texture": "#0"}
			}
		},
		{
			"name": "shingle",
			"from": [-7.26421, 4.65685, 8.667],
			"to": [8.73579, 8.65685, 15.667],
			"rotation": {"angle": 22.5, "axis": "z", "origin": [6.58579, 6.90685, 8]},
			"faces": {
				"north": {"uv": [3.5, 8, 5, 0], "rotation": 90, "texture": "#0"},
				"east": {"uv": [2, 0, 0, 1.5], "texture": "#0"},
				"south": {"uv": [2, 8, 3.5, 0], "rotation": 270, "texture": "#0"},
				"west": {"uv": [2, 0, 0, 1.5], "texture": "#0"},
				"up": {"uv": [0, 8, 2, 16], "rotation": 90, "texture": "#0"},
				"down": {"uv": [13.5, 8, 15.5, 0], "rotation": 270, "texture": "#0"}
			}
		},
		{
			"name": "shingle",
			"from": [-7.26421, 4.65685, 0.334],
			"to": [8.73579, 8.65685, 7.334],
			"rotation": {"angle": 22.5, "axis": "z", "origin": [6.58579, 6.90685, 8]},
			"faces": {
				"north": {"uv": [3.5, 8, 5, 0], "rotation": 90, "texture": "#0"},
				"east": {"uv": [2, 0, 0, 1.5], "texture": "#0"},
				"south": {"uv": [2, 8, 3.5, 0], "rotation": 270, "texture": "#0"},
				"west": {"uv": [2, 0, 0, 1.5], "texture": "#0"},
				"up": {"uv": [7.5, 0, 9.5, 8], "rotation": 90, "texture": "#0"},
				"down": {"uv": [13.5, 8, 15.5, 0], "rotation": 270, "texture": "#0"}
			}
		},
		{
			"name": "floor",
			"from": [0, 0, 0],
			"to": [16, 1, 16],
			"faces": {
				"north": {"uv": [0, 0, 16, 1], "texture": "#1", "cullface": "north"},
				"east": {"uv": [0, 0, 16, 1], "texture": "#1", "cullface": "east"},
				"south": {"uv": [0, 0, 16, 1], "texture": "#1", "cullface": "south"},
				"west": {"uv": [0, 0, 16, 1], "texture": "#1", "cullface": "west"},
				"up": {"uv": [0, 0, 16, 16], "rotation": 90, "texture": "#1"},
				"down": {"uv": [0, 0, 16, 16], "rotation": 90, "texture": "#1", "cullface": "down"}
			}
		},
		{
			"name": "middle leg",
			"from": [7, 1, 0.025],
			"to": [9, 10, 15.975],
			"faces": {
				"north": {"uv": [0, 0, 2, 9], "texture": "#1"},
				"east": {"uv": [0, 0, 16, 9], "texture": "#1"},
				"south": {"uv": [0, 0, 2, 9], "texture": "#1"},
				"west": {"uv": [0, 0, 16, 9], "texture": "#1"},
				"up": {"uv": [15.5, 0, 16, 7.975], "texture": "#0"},
				"down": {"uv": [15.5, 0, 16, 7.975], "texture": "#0"}
			}
		},
		{
			"name": "middle leg",
			"from": [0, 1, 0.025],
			"to": [2, 3, 15.975],
			"faces": {
				"north": {"uv": [0, 0, 2, 2], "texture": "#1"},
				"east": {"uv": [0, 0, 16, 2], "texture": "#1"},
				"south": {"uv": [0, 0, 2, 2], "texture": "#1"},
				"west": {"uv": [0, 0, 16, 2], "texture": "#1"},
				"up": {"uv": [15.5, 0, 16, 7.975], "texture": "#0"},
				"down": {"uv": [15.5, 0, 16, 7.975], "texture": "#0"}
			}
		},
		{
			"name": "back leg",
			"from": [14, 1, 0.025],
			"to": [16, 13, 15.975],
			"faces": {
				"north": {"uv": [0, 0, 2, 12], "texture": "#1"},
				"east": {"uv": [0, 0, 16, 12], "texture": "#1", "cullface": "east"},
				"south": {"uv": [0, 0, 2, 12], "texture": "#1"},
				"west": {"uv": [0, 0, 16, 12], "texture": "#1"},
				"up": {"uv": [15.5, 0, 16, 7.975], "texture": "#0"},
				"down": {"uv": [15.5, 0, 16, 7.975], "texture": "#0"}
			}
		}
	]
}