{
  "parent": "block/block",
  "credit": "Made with Blockbench",
  "textures": {
    "particle": "spectrum:block/bedrock_anvil",
    "body": "spectrum:block/bedrock_anvil",
    "body2": "spectrum:block/bedrock_anvil2",
    "top": "spectrum:block/bedrock_anvil_top"
  },
  "elements": [
    {
      "name": "Anvil base",
      "from": [
        2,
        0,
        2
      ],
      "to": [
        14,
        4,
        14
      ],
      "faces": {
        "north": {
          "uv": [
            2,
            0,
            14,
            4
          ],
          "texture": "#body"
        },
        "east": {
          "uv": [
            4,
            2,
            0,
            14
          ],
          "rotation": 270,
          "texture": "#body"
        },
        "south": {
          "uv": [
            2,
            0,
            14,
            4
          ],
          "texture": "#body"
        },
        "west": {
          "uv": [
            0,
            2,
            4,
            14
          ],
          "rotation": 90,
          "texture": "#body"
        },
        "up": {
          "uv": [
            2,
            2,
            14,
            14
          ],
          "rotation": 180,
          "texture": "#body"
        },
        "down": {
          "uv": [
            2,
            2,
            14,
            14
          ],
          "rotation": 180,
          "texture": "#body",
          "cullface": "down"
        }
      }
    },
    {
      "name": "Lower narrow portion",
      "from": [
        4,
        4,
        3
      ],
      "to": [
        12,
        5,
        13
      ],
      "faces": {
        "north": {
          "uv": [
            4,
            11,
            12,
            12
          ],
          "texture": "#body"
        },
        "east": {
          "uv": [
            5,
            3,
            4,
            13
          ],
          "rotation": 270,
          "texture": "#body"
        },
        "south": {
          "uv": [
            4,
            11,
            12,
            12
          ],
          "texture": "#body"
        },
        "west": {
          "uv": [
            4,
            3,
            5,
            13
          ],
          "rotation": 90,
          "texture": "#body"
        },
        "up": {
          "uv": [
            4,
            3,
            12,
            13
          ],
          "rotation": 180,
          "texture": "#body"
        }
      }
    },
    {
      "name": "Wider section beneath top portion",
      "from": [
        6,
        5,
        4
      ],
      "to": [
        10,
        10,
        12
      ],
      "faces": {
        "north": {
          "uv": [
            6,
            6,
            10,
            11
          ],
          "texture": "#body"
        },
        "east": {
          "uv": [
            10,
            4,
            5,
            12
          ],
          "rotation": 270,
          "texture": "#body"
        },
        "south": {
          "uv": [
            6,
            6,
            10,
            11
          ],
          "texture": "#body"
        },
        "west": {
          "uv": [
            5,
            4,
            10,
            12
          ],
          "rotation": 90,
          "texture": "#body"
        }
      }
    },
    {
      "name": "Anvil top",
      "from": [
        3,
        10,
        0
      ],
      "to": [
        13,
        16,
        16
      ],
      "faces": {
        "north": {
          "uv": [
            0,
            0,
            10,
            6
          ],
          "texture": "#body2"
        },
        "east": {
          "uv": [
            6,
            0,
            0,
            16
          ],
          "rotation": 270,
          "texture": "#body2"
        },
        "south": {
          "uv": [
            0,
            0,
            10,
            6
          ],
          "texture": "#body2"
        },
        "west": {
          "uv": [
            0,
            0,
            6,
            16
          ],
          "rotation": 90,
          "texture": "#body2"
        },
        "up": {
          "uv": [
            3,
            0,
            13,
            16
          ],
          "rotation": 180,
          "texture": "#top"
        },
        "down": {
          "uv": [
            3,
            0,
            13,
            16
          ],
          "rotation": 180,
          "texture": "#top"
        }
      }
    }
  ],
  "display": {
    "fixed": {
      "rotation": [
        0,
        90,
        0
      ],
      "scale": [
        0.5,
        0.5,
        0.5
      ]
    }
  }
}