{
	"credit": "~ XOXO Azzyypaaras ~",
	"texture_size": [128, 128],
	"textures": {
		"1": "spectrum:block/black_hole_chest",
		"particle": "spectrum:block/black_hole_chest_particle"
	},
	"elements": [
		{
			"name": "s-out",
			"from": [1, 0, 1],
			"to": [15, 9, 15],
			"rotation": {"angle": 0, "axis": "y", "origin": [8, -1, 8]},
			"faces": {
				"north": {"uv": [1.75, 1.75, 3.5, 2.875], "texture": "#1"},
				"east": {"uv": [0, 1.75, 1.75, 2.875], "texture": "#1"},
				"south": {"uv": [5.25, 1.75, 7, 2.875], "texture": "#1"},
				"west": {"uv": [3.5, 1.75, 5.25, 2.875], "texture": "#1"},
				"up": {"uv": [3.5, 1.75, 1.75, 0], "texture": "#1"},
				"down": {"uv": [5.25, 0, 3.5, 1.75], "texture": "#1"}
			}
		},
		{
			"name": "s-in",
			"from": [13, 9, 13],
			"to": [3, 0, 3],
			"rotation": {"angle": 0, "axis": "y", "origin": [8, -1, 8]},
			"faces": {
				"north": {"uv": [1.25, 7.25, 2.5, 6.125], "texture": "#1"},
				"east": {"uv": [0, 7.25, 1.25, 6.125], "texture": "#1"},
				"south": {"uv": [3.75, 7.25, 5, 6.125], "texture": "#1"},
				"west": {"uv": [2.5, 7.25, 3.75, 6.125], "texture": "#1"},
				"up": {"uv": [2.5, 6.125, 1.25, 4.875], "texture": "#1"},
				"down": {"uv": [3.75, 4.875, 2.5, 6.125], "texture": "#1"}
			}
		},
		{
			"name": "c-out",
			"from": [3, 2, 3],
			"to": [13, 6, 13],
			"rotation": {"angle": 0, "axis": "y", "origin": [8, 12, 8]},
			"faces": {
				"north": {"uv": [6.25, 6.125, 7.5, 6.625], "texture": "#1"},
				"east": {"uv": [5, 6.125, 6.25, 6.625], "texture": "#1"},
				"south": {"uv": [8.75, 6.125, 10, 6.625], "texture": "#1"},
				"west": {"uv": [7.5, 6.125, 8.75, 6.625], "texture": "#1"},
				"up": {"uv": [7.5, 6.125, 6.25, 4.875], "texture": "#1"},
				"down": {"uv": [8.75, 4.875, 7.5, 6.125], "texture": "#1"}
			}
		},
		{
			"name": "o-hole",
			"from": [7, 7.6, 7],
			"to": [9, 9.6, 9],
			"rotation": {"angle": 0, "axis": "y", "origin": [8, -10, 8]},
			"faces": {
				"north": {"uv": [0.25, 0.25, 0.5, 0.5], "texture": "#1"},
				"east": {"uv": [0, 0.25, 0.25, 0.5], "texture": "#1"},
				"south": {"uv": [0.75, 0.25, 1, 0.5], "texture": "#1"},
				"west": {"uv": [0.5, 0.25, 0.75, 0.5], "texture": "#1"},
				"up": {"uv": [0.5, 0.25, 0.25, 0], "texture": "#1"},
				"down": {"uv": [0.75, 0, 0.5, 0.25], "texture": "#1"}
			}
		},
		{
			"name": "o-shell",
			"from": [5.5, 6.1, 5.5],
			"to": [10.5, 11.1, 10.5],
			"rotation": {"angle": 0, "axis": "y", "origin": [8, -10, 8]},
			"faces": {
				"north": {"uv": [4.375, 5.5, 5, 6.125], "texture": "#1"},
				"east": {"uv": [3.75, 5.5, 4.375, 6.125], "texture": "#1"},
				"south": {"uv": [5.625, 5.5, 6.25, 6.125], "texture": "#1"},
				"west": {"uv": [5, 5.5, 5.625, 6.125], "texture": "#1"},
				"up": {"uv": [5, 5.5, 4.375, 4.875], "texture": "#1"},
				"down": {"uv": [5.625, 4.875, 5, 5.5], "texture": "#1"}
			}
		},
		{
			"name": "o-shell_mirrored",
			"from": [10.5, 11.1, 10.5],
			"to": [5.5, 6.1, 5.5],
			"rotation": {"angle": 0, "axis": "y", "origin": [8, -10, 8]},
			"faces": {
				"north": {"uv": [4.375, 6.125, 5, 5.5], "texture": "#1"},
				"east": {"uv": [3.75, 6.125, 4.375, 5.5], "texture": "#1"},
				"south": {"uv": [5.625, 6.125, 6.25, 5.5], "texture": "#1"},
				"west": {"uv": [5, 6.125, 5.625, 5.5], "texture": "#1"},
				"up": {"uv": [5, 5.5, 4.375, 4.875], "texture": "#1"},
				"down": {"uv": [5.625, 4.875, 5, 5.5], "texture": "#1"}
			}
		}
	],
	"display": {
		"thirdperson_righthand": {
			"rotation": [75, 45, 0],
			"translation": [0, 2.5, 0],
			"scale": [0.375, 0.375, 0.375]
		},
		"thirdperson_lefthand": {
			"rotation": [75, 45, 0],
			"translation": [0, 2.5, 0],
			"scale": [0.375, 0.375, 0.375]
		},
		"firstperson_righthand": {
			"rotation": [0, 45, 0],
			"scale": [0.4, 0.4, 0.4]
		},
		"firstperson_lefthand": {
			"rotation": [0, 225, 0],
			"scale": [0.4, 0.4, 0.4]
		},
		"ground": {
			"translation": [0, 3, 0],
			"scale": [0.25, 0.25, 0.25]
		},
		"gui": {
			"rotation": [30, 225, 0],
			"scale": [0.625, 0.625, 0.625]
		},
		"fixed": {
			"scale": [0.5, 0.5, 0.5]
		}
	},
	"groups": [
		{
			"name": "shell",
			"origin": [8, 0, 8],
			"color": 0,
			"nbt": "{}",
			"children": [0, 1]
		},
		{
			"name": "cap",
			"origin": [8, 0, 8],
			"color": 0,
			"nbt": "{}",
			"children": [2]
		},
		{
			"name": "orb",
			"origin": [8, 8.5, 8],
			"color": 0,
			"nbt": "{}",
			"children": [3, 4, 5]
		}
	]
}