{
  "parent": "minecraft:block/block",
  "texture_size": [
    32,
    32
  ],
  "textures": {
    "0": "spectrum:block/bone_ash_shingles",
    "1": "spectrum:block/bone_ash_tiles",
    "particle": "spectrum:block/bone_ash_shingles"
  },
  "elements": [
    {
      "name": "base",
			"from": [2.93579, 8.68185, -0.25],
			"to": [18.93579, 10.15685, 16.25],
			"rotation": {"angle": 22.5, "axis": "z", "origin": [6.58579, 6.90685, 8]},
			"faces": {
				"north": {"uv": [15.5, 0, 16, 8], "rotation": 270, "texture": "#0"},
				"east": {"uv": [15.502, 7.5, 16, 8], "texture": "#0"},
				"south": {"uv": [15.5, 0, 16, 8], "rotation": 90, "texture": "#0"},
				"west": {"uv": [15.502, 7.5, 16, 8], "texture": "#0"},
				"up": {"uv": [15.998, 0, 15.5, 8], "rotation": 90, "texture": "#0"},
				"down": {"uv": [15.998, 0, 15.5, 8], "rotation": 90, "texture": "#0"}
			}
		},
		{
			"name": "shingle",
			"from": [2.73579, 8.65685, 0.5],
			"to": [18.98679, 12.65685, 7.5],
			"rotation": {"angle": 22.5, "axis": "z", "origin": [6.58579, 6.90685, 8]},
			"faces": {
				"north": {"uv": [6.5, 8.0005, 8.5, 0], "rotation": 90, "texture": "#0"},
				"east": {"uv": [12, 0, 8.5, 2], "texture": "#0"},
				"south": {"uv": [4.5, 8.0005, 6.5, 0], "rotation": 270, "texture": "#0"},
				"west": {"uv": [12, 0, 8.5, 2], "texture": "#0"},
				"up": {"uv": [12, 0, 15.5, 8], "rotation": 90, "texture": "#0"},
				"down": {"uv": [13.5, 8, 15.5, 0], "rotation": 270, "texture": "#0"}
			}
		},
		{
			"name": "shingle",
			"from": [2.73579, 8.65685, 8.5],
			"to": [18.98679, 12.65685, 15.5],
			"rotation": {"angle": 22.5, "axis": "z", "origin": [6.58579, 6.90685, 8]},
			"faces": {
				"north": {"uv": [6.5, 8.0005, 8.5, 0], "rotation": 90, "texture": "#0"},
				"east": {"uv": [12, 0, 8.5, 2], "texture": "#0"},
				"south": {"uv": [4.5, 8.0005, 6.5, 0], "rotation": 270, "texture": "#0"},
				"west": {"uv": [12, 0, 8.5, 2], "texture": "#0"},
				"up": {"uv": [3.5, 0, 0, 8], "rotation": 90, "texture": "#0"},
				"down": {"uv": [13.5, 8, 15.5, 0], "rotation": 270, "texture": "#0"}
			}
		},
		{
			"name": "base",
			"from": [-7.06421, 4.68185, -0.25],
			"to": [8.93579, 6.15685, 16.25],
			"rotation": {"angle": 22.5, "axis": "z", "origin": [6.58579, 6.90685, 8]},
			"faces": {
				"north": {"uv": [15.5, 0, 16, 8], "rotation": 270, "texture": "#0"},
				"east": {"uv": [15.502, 7.5, 16, 8], "texture": "#0"},
				"south": {"uv": [15.5, 0, 16, 8], "rotation": 90, "texture": "#0"},
				"west": {"uv": [15.5, 7.5, 16, 8], "texture": "#0"},
				"up": {"uv": [15.5, 0, 15.998, 8], "rotation": 90, "texture": "#0"},
				"down": {"uv": [15.5, 0, 15.998, 8], "rotation": 90, "texture": "#0"}
			}
		},
		{
			"name": "shingle",
			"from": [-7.2642, 4.6569, 0.5],
			"to": [8.7368, 8.6569, 7.5],
			"rotation": {"angle": 22.5, "axis": "z", "origin": [6.58579, 6.90685, 8]},
			"faces": {
				"north": {"uv": [6.5, 8.0005, 8.5, 0], "rotation": 90, "texture": "#0"},
				"east": {"uv": [12, 0, 8.5, 2], "texture": "#0"},
				"south": {"uv": [4.5, 8.0005, 6.5, 0], "rotation": 270, "texture": "#0"},
				"west": {"uv": [12, 0, 8.5, 2], "texture": "#0"},
				"up": {"uv": [0, 0, 3.5, 8], "rotation": 90, "texture": "#0"},
				"down": {"uv": [13.5, 8, 15.5, 0], "rotation": 270, "texture": "#0"}
			}
		},
		{
			"name": "shingle",
			"from": [-7.2642, 4.6569, 8.5],
			"to": [8.7368, 8.6569, 15.5],
			"rotation": {"angle": 22.5, "axis": "z", "origin": [6.58579, 6.90685, 8]},
			"faces": {
				"north": {"uv": [6.5, 8.0005, 8.5, 0], "rotation": 90, "texture": "#0"},
				"east": {"uv": [12, 0, 8.5, 2], "texture": "#0"},
				"south": {"uv": [4.5, 8.0005, 6.5, 0], "rotation": 270, "texture": "#0"},
				"west": {"uv": [12, 0, 8.5, 2], "texture": "#0"},
				"up": {"uv": [15.5, 0, 12, 8], "rotation": 90, "texture": "#0"},
				"down": {"uv": [13.5, 8, 15.5, 0], "rotation": 270, "texture": "#0"}
			}
		},
		{
			"name": "middle leg",
			"from": [7, 0, 0],
			"to": [16, 10, 16],
			"faces": {
				"north": {"uv": [0, 6, 9, 16], "texture": "#1", "cullface": "north"},
				"east": {"uv": [0, 6, 16, 16], "texture": "#1", "cullface": "east"},
				"south": {"uv": [7, 6, 16, 16], "texture": "#1", "cullface": "south"},
				"west": {"uv": [0, 0, 16, 9], "texture": "#1"},
				"up": {"uv": [15.5, 0, 16, 7.975], "texture": "#0"},
				"down": {"uv": [7, 0, 16, 16], "texture": "#1", "cullface": "down"}
			}
		},
		{
			"name": "middle leg",
			"from": [9, 10, 0],
			"to": [16, 11, 16],
			"faces": {
				"north": {"uv": [0, 5, 7, 6], "texture": "#1", "cullface": "north"},
				"east": {"uv": [0, 5, 16, 6], "texture": "#1", "cullface": "east"},
				"south": {"uv": [9, 5, 16, 6], "texture": "#1", "cullface": "south"},
				"west": {"uv": [0, 0, 16, 9], "texture": "#1"},
				"up": {"uv": [15.5, 0, 16, 7.975], "texture": "#0"},
				"down": {"uv": [15.5, 0, 16, 7.975], "texture": "#0"}
			}
		},
		{
			"name": "middle leg",
			"from": [11, 11, 0],
			"to": [16, 12, 16],
			"faces": {
				"north": {"uv": [0, 4, 5, 5], "texture": "#1", "cullface": "north"},
				"east": {"uv": [0, 4, 16, 5], "texture": "#1", "cullface": "east"},
				"south": {"uv": [11, 4, 16, 5], "texture": "#1", "cullface": "south"},
				"west": {"uv": [0, 0, 16, 9], "texture": "#1"},
				"up": {"uv": [15.5, 0, 16, 7.975], "texture": "#0"},
				"down": {"uv": [15.5, 0, 16, 7.975], "texture": "#0"}
			}
		},
		{
			"name": "middle leg",
			"from": [13, 12, 0],
			"to": [16, 13, 16],
			"faces": {
				"north": {"uv": [0, 3, 3, 4], "texture": "#1", "cullface": "north"},
				"east": {"uv": [0, 3, 16, 4], "texture": "#1", "cullface": "east"},
				"south": {"uv": [13, 3, 16, 4], "texture": "#1", "cullface": "south"},
				"west": {"uv": [0, 0, 16, 9], "texture": "#1"},
				"up": {"uv": [15.5, 0, 16, 7.975], "texture": "#0"},
				"down": {"uv": [15.5, 0, 16, 7.975], "texture": "#0"}
			}
		},
		{
			"name": "middle leg",
			"from": [0, 0, 0],
			"to": [7, 3, 16],
			"faces": {
				"north": {"uv": [0, 13, 7, 16], "texture": "#1", "cullface": "north"},
				"east": {"uv": [0, 13, 16, 16], "texture": "#1"},
				"south": {"uv": [9, 13, 16, 16], "texture": "#1", "cullface": "south"},
				"west": {"uv": [0, 13, 16, 16], "texture": "#1", "cullface": "west"},
				"up": {"uv": [15.5, 0, 16, 7.975], "texture": "#0"},
				"down": {"uv": [0, 0, 7, 16], "texture": "#1", "cullface": "down"}
			}
		},
		{
			"name": "middle leg",
			"from": [3, 3, 0],
			"to": [7, 4, 16],
			"faces": {
				"north": {"uv": [9, 12, 13, 13], "texture": "#1", "cullface": "north"},
				"east": {"uv": [0, 0, 16, 2], "texture": "#1"},
				"south": {"uv": [4, 12, 8, 13], "texture": "#1", "cullface": "south"},
				"west": {"uv": [0, 0, 16, 2], "texture": "#1"},
				"up": {"uv": [15.5, 0, 16, 7.975], "texture": "#0"},
				"down": {"uv": [15.5, 0, 16, 7.975], "texture": "#0"}
			}
		},
		{
			"name": "middle leg",
			"from": [5, 4, 0],
			"to": [7, 5, 16],
			"faces": {
				"north": {"uv": [9, 11, 11, 12], "texture": "#1", "cullface": "north"},
				"east": {"uv": [0, 0, 16, 2], "texture": "#1"},
				"south": {"uv": [6, 11, 8, 12], "texture": "#1", "cullface": "south"},
				"west": {"uv": [0, 0, 16, 2], "texture": "#1"},
				"up": {"uv": [15.5, 0, 16, 7.975], "texture": "#0"},
				"down": {"uv": [15.5, 0, 16, 7.975], "texture": "#0"}
			}
		}
	],
	"display": {
		"thirdperson_righthand": {
			"rotation": [75, 45, 0],
			"translation": [0, 2.5, 0],
			"scale": [0.375, 0.375, 0.375]
		},
		"thirdperson_lefthand": {
			"rotation": [75, 45, 0],
			"translation": [0, 2.5, 0],
			"scale": [0.375, 0.375, 0.375]
		},
		"firstperson_righthand": {
			"rotation": [0, 45, 0],
			"scale": [0.4, 0.4, 0.4]
		},
		"firstperson_lefthand": {
			"rotation": [0, 225, 0],
			"scale": [0.4, 0.4, 0.4]
		},
		"ground": {
			"translation": [0, 3, 0],
			"scale": [0.25, 0.25, 0.25]
		},
		"gui": {
			"rotation": [30, 134, 0],
			"scale": [0.625, 0.625, 0.625]
		},
		"fixed": {
			"scale": [0.5, 0.5, 0.5]
		}
    }
}