{
  "parent": "block/block",
  "credit": "Made with Blockbench",
  "textures": {
    "0": "spectrum:block/polished_basalt",
    "1": "spectrum:block/polished_calcite",
    "2": "spectrum:block/cinderhearth",
    "particle": "spectrum:block/polished_basalt"
  },
  "elements": [
    {
      "from": [
        0,
        0,
        0
      ],
      "to": [
        16,
        4,
        16
      ],
      "faces": {
        "north": {
          "uv": [
            0,
            12,
            16,
            16
          ],
          "rotation": 180,
          "texture": "#0"
        },
        "east": {
          "uv": [
            0,
            12,
            16,
            16
          ],
          "rotation": 180,
          "texture": "#0"
        },
        "south": {
          "uv": [
            0,
            12,
            16,
            16
          ],
          "rotation": 180,
          "texture": "#0"
        },
        "west": {
          "uv": [
            0,
            12,
            16,
            16
          ],
          "rotation": 180,
          "texture": "#0"
        },
        "up": {
          "uv": [
            0,
            0,
            16,
            16
          ],
          "texture": "#0"
        },
        "down": {
          "uv": [
            0,
            0,
            16,
            16
          ],
          "texture": "#0"
        }
      }
    },
    {
      "from": [
        4,
        4,
        0
      ],
      "to": [
        12,
        6,
        3
      ],
      "faces": {
        "north": {
          "uv": [
            5,
            3,
            13,
            5
          ],
          "texture": "#0"
        },
        "east": {
          "uv": [
            3,
            3,
            6,
            5
          ],
          "texture": "#0"
        },
        "south": {
          "uv": [
            2,
            3,
            10,
            5
          ],
          "texture": "#0"
        },
        "west": {
          "uv": [
            4,
            3,
            7,
            5
          ],
          "texture": "#0"
        },
        "up": {
          "uv": [
            4,
            8,
            12,
            11
          ],
          "texture": "#0"
        },
        "down": {
          "uv": [
            3,
            5,
            11,
            8
          ],
          "texture": "#0"
        }
      }
    },
    {
      "from": [
        1,
        4,
        3
      ],
      "to": [
        15,
        13,
        16
      ],
      "faces": {
        "north": {
          "uv": [
            0,
            0,
            14,
            9
          ],
          "texture": "#2"
        },
        "east": {
          "uv": [
            3,
            7,
            16,
            16
          ],
          "texture": "#1"
        },
        "south": {
          "uv": [
            2,
            7,
            16,
            16
          ],
          "texture": "#1"
        },
        "west": {
          "uv": [
            3,
            7,
            16,
            16
          ],
          "texture": "#1"
        },
        "up": {
          "uv": [
            2,
            3,
            16,
            16
          ],
          "texture": "#1"
        },
        "down": {
          "uv": [
            2,
            3,
            16,
            16
          ],
          "texture": "#1"
        }
      }
    },
    {
      "from": [
        2,
        13,
        9
      ],
      "to": [
        6,
        17,
        13
      ],
      "faces": {
        "north": {
          "uv": [
            3,
            11,
            7,
            15
          ],
          "rotation": 180,
          "texture": "#1"
        },
        "east": {
          "uv": [
            2,
            3,
            6,
            7
          ],
          "texture": "#1"
        },
        "south": {
          "uv": [
            3,
            4,
            7,
            8
          ],
          "texture": "#1"
        },
        "west": {
          "uv": [
            3,
            4,
            7,
            8
          ],
          "texture": "#1"
        },
        "up": {
          "uv": [
            11,
            11,
            15,
            15
          ],
          "texture": "#2"
        }
      }
    },
    {
      "from": [
        5,
        13,
        4
      ],
      "to": [
        13,
        15,
        14
      ],
      "faces": {
        "north": {
          "uv": [
            3,
            11,
            11,
            13
          ],
          "rotation": 180,
          "texture": "#1"
        },
        "east": {
          "uv": [
            2,
            3,
            12,
            5
          ],
          "texture": "#1"
        },
        "south": {
          "uv": [
            3,
            4,
            11,
            6
          ],
          "texture": "#1"
        },
        "west": {
          "uv": [
            3,
            4,
            13,
            6
          ],
          "texture": "#1"
        },
        "up": {
          "uv": [
            3,
            2,
            11,
            12
          ],
          "texture": "#1"
        },
        "down": {
          "uv": [
            3,
            2,
            11,
            12
          ],
          "texture": "#1"
        }
      }
    }
  ]
}