{
  "credit": "~ XOXO Azzyypaaras ~",
  "texture_size": [128, 128],
  "textures": {
    "0": "spectrum:block/compacting_chest",
    "particle": "spectrum:block/compacting_chest_particle"
  },
  "elements": [
    {
      "name": "d-out",
      "from": [4.5, 4, 4.5],
      "to": [11.5, 15, 11.5],
      "rotation": {"angle": 0, "axis": "y", "origin": [8, -63, 8]},
      "faces": {
        "north": {"uv": [7.5, 5.625, 8.375, 7], "texture": "#0"},
        "east": {"uv": [6.625, 5.625, 7.5, 7], "texture": "#0"},
        "south": {"uv": [9.25, 5.625, 10.125, 7], "texture": "#0"},
        "west": {"uv": [8.375, 5.625, 9.25, 7], "texture": "#0"},
        "up": {"uv": [8.375, 5.625, 7.5, 4.75], "texture": "#0"},
        "down": {"uv": [9.25, 4.75, 8.375, 5.625], "texture": "#0"}
      }
    },
    {
      "name": "p-out",
      "from": [2.5, 1, 2.5],
      "to": [13.5, 15, 13.5],
      "rotation": {"angle": 0, "axis": "y", "origin": [8, -7, 8]},
      "faces": {
        "north": {"uv": [7, 3, 8.375, 4.75], "texture": "#0"},
        "east": {"uv": [5.625, 3, 7, 4.75], "texture": "#0"},
        "south": {"uv": [9.75, 3, 11.125, 4.75], "texture": "#0"},
        "west": {"uv": [8.375, 3, 9.75, 4.75], "texture": "#0"},
        "up": {"uv": [8.375, 3, 7, 1.625], "texture": "#0"},
        "down": {"uv": [9.75, 1.625, 8.375, 3], "texture": "#0"}
      }
    },
    {
      "name": "c-out",
      "from": [0.5, 11, 0.5],
      "to": [15.5, 15, 15.5],
      "rotation": {"angle": 0, "axis": "y", "origin": [8, -25, 8]},
      "faces": {
        "north": {"uv": [1.875, 4.875, 3.75, 5.375], "texture": "#0"},
        "east": {"uv": [0, 4.875, 1.875, 5.375], "texture": "#0"},
        "south": {"uv": [5.625, 4.875, 7.5, 5.375], "texture": "#0"},
        "west": {"uv": [3.75, 4.875, 5.625, 5.375], "texture": "#0"},
        "up": {"uv": [3.75, 4.875, 1.875, 3], "texture": "#0"},
        "down": {"uv": [5.625, 3, 3.75, 4.875], "texture": "#0"}
      }
    },
    {
      "name": "body",
      "from": [1, 1, 1],
      "to": [15, 11, 15],
      "rotation": {"angle": 0, "axis": "y", "origin": [8, 0, 8]},
      "faces": {
        "north": {"uv": [1.75, 1.75, 3.5, 3], "texture": "#0"},
        "east": {"uv": [0, 1.75, 1.75, 3], "texture": "#0"},
        "south": {"uv": [5.25, 1.75, 7, 3], "texture": "#0"},
        "west": {"uv": [3.5, 1.75, 5.25, 3], "texture": "#0"},
        "up": {"uv": [3.5, 1.75, 1.75, 0], "texture": "#0"},
        "down": {"uv": [5.25, 0, 3.5, 1.75], "texture": "#0"}
      }
    },
    {
      "name": "base",
      "from": [0.5, 0, 0.5],
      "to": [15.5, 2, 15.5],
      "rotation": {"angle": 0, "axis": "y", "origin": [8, 0, 8]},
      "faces": {
        "north": {"uv": [1.875, 7.25, 3.75, 7.5], "texture": "#0"},
        "east": {"uv": [0, 7.25, 1.875, 7.5], "texture": "#0"},
        "south": {"uv": [5.625, 7.25, 7.5, 7.5], "texture": "#0"},
        "west": {"uv": [3.75, 7.25, 5.625, 7.5], "texture": "#0"},
        "up": {"uv": [3.75, 7.25, 1.875, 5.375], "texture": "#0"},
        "down": {"uv": [5.625, 5.375, 3.75, 7.25], "texture": "#0"}
      }
    }
  ],
  "display": {
    "thirdperson_righthand": {
      "rotation": [75, 45, 0],
      "translation": [0, 2.5, 0],
      "scale": [0.375, 0.375, 0.375]
    },
    "thirdperson_lefthand": {
      "rotation": [75, 45, 0],
      "translation": [0, 2.5, 0],
      "scale": [0.375, 0.375, 0.375]
    },
    "firstperson_righthand": {
      "rotation": [0, 45, 0],
      "scale": [0.4, 0.4, 0.4]
    },
    "firstperson_lefthand": {
      "rotation": [0, 225, 0],
      "scale": [0.4, 0.4, 0.4]
    },
    "ground": {
      "translation": [0, 3, 0],
      "scale": [0.25, 0.25, 0.25]
    },
    "gui": {
      "rotation": [30, 225, 0],
      "scale": [0.625, 0.625, 0.625]
    },
    "fixed": {
      "scale": [0.5, 0.5, 0.5]
    }
  },
  "groups": [
    {
      "name": "root",
      "origin": [8, 0, 8],
      "color": 0,
      "nbt": "{}",
      "children": [
        {
          "name": "driver",
          "origin": [8, -21, 8],
          "color": 0,
          "nbt": "{}",
          "children": [0]
        },
        {
          "name": "piston",
          "origin": [8, 22, 8],
          "color": 0,
          "nbt": "{}",
          "children": [1]
        },
        {
          "name": "cap",
          "origin": [8, -21, 8],
          "color": 0,
          "nbt": "{}",
          "children": [2]
        },
        3,
        4
      ]
    }
  ]
}