{
	"credit": "Made with Blockbench",
	"parent": "minecraft:block/block",
	"textures": {
		"0": "spectrum:block/courier_statue",
		"particle": "spectrum:block/courier_statue"
	},
	"elements": [
		{
			"from": [12, -2.75, 6.25],
			"to": [14.25, 0, 9.5],
			"rotation": {"angle": 0, "axis": "y", "origin": [0, 0, -1]},
			"faces": {
				"north": {"uv": [0, 0, 2.25, 2.75], "texture": "#0"},
				"east": {"uv": [0, 0, 3.25, 2.75], "texture": "#0"},
				"south": {"uv": [0, 0, 2.25, 2.75], "texture": "#0"},
				"west": {"uv": [0, 0, 3.25, 2.75], "texture": "#0"},
				"up": {"uv": [0, 0, 2.25, 3.25], "texture": "#0"},
				"down": {"uv": [0, 0, 2.25, 3.25], "texture": "#0"}
			}
		},
		{
			"from": [12, -2.75, 0.5],
			"to": [14, -0.5, 6.25],
			"rotation": {"angle": -45, "axis": "x", "origin": [13, 0.6875, 6.5625]},
			"faces": {
				"north": {"uv": [0, 0, 2, 2.25], "rotation": 180, "texture": "#0"},
				"east": {"uv": [0, 0, 2.25, 5.75], "rotation": 270, "texture": "#0"},
				"south": {"uv": [0, 0, 2, 2.25], "texture": "#0"},
				"west": {"uv": [0, 0, 2.25, 5.75], "rotation": 90, "texture": "#0"},
				"up": {"uv": [0, 0, 2, 5.75], "rotation": 180, "texture": "#0"},
				"down": {"uv": [0, 0, 2, 5.75], "texture": "#0"}
			}
		},
		{
			"from": [12.5, -13.75, 1.25],
			"to": [13.5, 4, 2.25],
			"rotation": {"angle": -45, "axis": "x", "origin": [13, 0.6875, 6.5625]},
			"faces": {
				"north": {"uv": [0, 0, 1, 16], "rotation": 180, "texture": "#0"},
				"east": {"uv": [0, 0, 16, 1], "rotation": 270, "texture": "#0"},
				"south": {"uv": [0, 0, 1, 16], "texture": "#0"},
				"west": {"uv": [0, 0, 16, 1], "rotation": 90, "texture": "#0"},
				"up": {"uv": [0, 0, 1, 1], "rotation": 180, "texture": "#0"},
				"down": {"uv": [0, 0, 1, 1], "texture": "#0"}
			}
		},
		{
			"from": [12.25, 4, 0.75],
			"to": [13.75, 5, 2.75],
			"rotation": {"angle": -45, "axis": "x", "origin": [13, 0.6875, 6.5625]},
			"faces": {
				"north": {"uv": [0, 0, 1.5, 1], "rotation": 180, "texture": "#0"},
				"east": {"uv": [0, 0, 1, 2], "rotation": 270, "texture": "#0"},
				"south": {"uv": [0, 0, 1.5, 1], "texture": "#0"},
				"west": {"uv": [0, 0, 1, 2], "rotation": 90, "texture": "#0"},
				"up": {"uv": [0, 0, 1.5, 2], "rotation": 180, "texture": "#0"},
				"down": {"uv": [0, 0, 1.5, 2], "texture": "#0"}
			}
		},
		{
			"from": [12.75, 5, 1],
			"to": [13.25, 7.5, 2.5],
			"rotation": {"angle": -45, "axis": "x", "origin": [13, 0.6875, 6.5625]},
			"faces": {
				"north": {"uv": [0, 0, 0.5, 2.5], "rotation": 180, "texture": "#0"},
				"east": {"uv": [0, 0, 2.5, 1.5], "rotation": 270, "texture": "#0"},
				"south": {"uv": [0, 0, 0.5, 2.5], "texture": "#0"},
				"west": {"uv": [0, 0, 2.5, 1.5], "rotation": 90, "texture": "#0"},
				"up": {"uv": [0, 0, 0.5, 1.5], "rotation": 180, "texture": "#0"},
				"down": {"uv": [0, 0, 0.5, 1.5], "texture": "#0"}
			}
		},
		{
			"from": [2, -5.00888, 4.29657],
			"to": [4, -2.75888, 10.04657],
			"rotation": {"angle": -45, "axis": "x", "origin": [3, -5.88388, 7.17157]},
			"faces": {
				"north": {"uv": [0, 0, 2, 2.25], "rotation": 180, "texture": "#0"},
				"east": {"uv": [0, 0, 2.25, 5.75], "rotation": 270, "texture": "#0"},
				"south": {"uv": [0, 0, 2, 2.25], "texture": "#0"},
				"west": {"uv": [0, 0, 2.25, 5.75], "rotation": 90, "texture": "#0"},
				"up": {"uv": [0, 0, 2, 5.75], "rotation": 180, "texture": "#0"},
				"down": {"uv": [0, 0, 2, 5.75], "texture": "#0"}
			}
		},
		{
			"from": [1.75, -2.75, 6.25],
			"to": [4, 0, 9.5],
			"rotation": {"angle": 0, "axis": "y", "origin": [0, 0, -1]},
			"faces": {
				"north": {"uv": [0, 0, 2.25, 2.75], "texture": "#0"},
				"east": {"uv": [0, 0, 3.25, 2.75], "texture": "#0"},
				"south": {"uv": [0, 0, 2.25, 2.75], "texture": "#0"},
				"west": {"uv": [0, 0, 3.25, 2.75], "texture": "#0"},
				"up": {"uv": [0, 0, 2.25, 3.25], "texture": "#0"},
				"down": {"uv": [0, 0, 2.25, 3.25], "texture": "#0"}
			}
		},
		{
			"from": [1.75, -10, 10.25],
			"to": [6.75, 2, 10.75],
			"rotation": {"angle": -22.5, "axis": "z", "origin": [6.25, -4.125, 10.625]},
			"faces": {
				"north": {"uv": [0, 0, 5, 11.75], "texture": "#0"},
				"east": {"uv": [0, 0, 0.75, 11.75], "texture": "#0"},
				"south": {"uv": [0, 0, 5, 11.75], "texture": "#0"},
				"west": {"uv": [0, 0, 0.75, 11.75], "texture": "#0"},
				"up": {"uv": [0, 0, 5, 0.75], "texture": "#0"},
				"down": {"uv": [0, 0, 5, 0.75], "texture": "#0"}
			}
		},
		{
			"from": [9.25, -10.25, 10.5],
			"to": [14.25, 1.75, 11],
			"rotation": {"angle": 22.5, "axis": "z", "origin": [9.75, -4.25, 10.75]},
			"faces": {
				"north": {"uv": [5, 0, 10, 12], "texture": "#0"},
				"east": {"uv": [0.5, 0, 1, 12], "texture": "#0"},
				"south": {"uv": [5, 0, 10, 12], "texture": "#0"},
				"west": {"uv": [0.5, 0, 1, 12], "texture": "#0"},
				"up": {"uv": [5, 0, 10, 0.5], "texture": "#0"},
				"down": {"uv": [5, 0, 10, 0.5], "texture": "#0"}
			}
		},
		{
			"from": [4.5, -9.25, 11.25],
			"to": [11.5, 2.75, 11.75],
			"faces": {
				"north": {"uv": [0, 0, 7, 11], "texture": "#0"},
				"east": {"uv": [0, 0, 0.5, 11], "texture": "#0"},
				"south": {"uv": [0, 0, 7, 11], "texture": "#0"},
				"west": {"uv": [0, 0, 0.5, 11], "texture": "#0"},
				"up": {"uv": [0, 0, 7, 0.5], "texture": "#0"},
				"down": {"uv": [0, 0, 7, 0.5], "texture": "#0"}
			}
		},
		{
			"from": [13, 0, 5.75],
			"to": [14.75, 2.75, 10],
			"rotation": {"angle": 0, "axis": "y", "origin": [0, 0, -1]},
			"faces": {
				"north": {"uv": [0, 0, 1.75, 2.75], "texture": "#0"},
				"east": {"uv": [0, 0, 4.25, 2.75], "texture": "#0"},
				"south": {"uv": [0, 0, 1.75, 2.75], "texture": "#0"},
				"west": {"uv": [0, 0, 4.25, 2.75], "texture": "#0"},
				"up": {"uv": [0, 0, 1.75, 4.25], "texture": "#0"},
				"down": {"uv": [0, 0, 1.75, 4.25], "texture": "#0"}
			}
		},
		{
			"from": [3, -0.25, 5.25],
			"to": [13, 3.75, 11.25],
			"faces": {
				"north": {"uv": [1, 5, 11, 9], "texture": "#0"},
				"east": {"uv": [1, 5, 7, 9], "texture": "#0"},
				"south": {"uv": [4, 9, 14, 13], "texture": "#0"},
				"west": {"uv": [1, 5, 7, 9], "texture": "#0"},
				"up": {"uv": [2, 5, 12, 11], "texture": "#0"},
				"down": {"uv": [2, 5, 12, 11], "texture": "#0"}
			}
		},
		{
			"from": [1.5, 0, 5.75],
			"to": [3, 2.75, 10],
			"rotation": {"angle": 0, "axis": "y", "origin": [0, 0, -1]},
			"faces": {
				"north": {"uv": [0, 0, 1.5, 2.75], "texture": "#0"},
				"east": {"uv": [0, 0, 4.25, 2.75], "texture": "#0"},
				"south": {"uv": [0, 0, 1.5, 2.75], "texture": "#0"},
				"west": {"uv": [0, 0, 4.25, 2.75], "texture": "#0"},
				"up": {"uv": [0, 0, 1.5, 4.25], "texture": "#0"},
				"down": {"uv": [0, 0, 1.5, 4.25], "texture": "#0"}
			}
		},
		{
			"from": [5.75, 4.28033, 8.88388],
			"to": [10.75, 6.78033, 11.63388],
			"rotation": {"angle": -45, "axis": "x", "origin": [8.25, 3.53033, 8.13388]},
			"faces": {
				"north": {"uv": [0, 0, 5, 2.5], "rotation": 180, "texture": "#0"},
				"east": {"uv": [0, 0, 2.5, 2.75], "rotation": 270, "texture": "#0"},
				"south": {"uv": [0, 0, 5, 2.5], "texture": "#0"},
				"west": {"uv": [0, 0, 2.5, 2.75], "rotation": 90, "texture": "#0"},
				"up": {"uv": [0, 0, 5, 2.75], "rotation": 180, "texture": "#0"},
				"down": {"uv": [0, 0, 5, 2.75], "texture": "#0"}
			}
		},
		{
			"from": [6.75, 4.28033, 7.13388],
			"to": [9.75, 6.78033, 8.88388],
			"rotation": {"angle": -45, "axis": "x", "origin": [8.25, 3.53033, 8.13388]},
			"faces": {
				"north": {"uv": [0, 0, 3, 2.5], "rotation": 180, "texture": "#0"},
				"east": {"uv": [0, 0, 2.5, 1.75], "rotation": 270, "texture": "#0"},
				"south": {"uv": [0, 0, 3, 2.5], "texture": "#0"},
				"west": {"uv": [0, 0, 2.5, 1.75], "rotation": 90, "texture": "#0"},
				"up": {"uv": [0, 0, 3, 1.75], "rotation": 180, "texture": "#0"},
				"down": {"uv": [0, 0, 3, 1.75], "texture": "#0"}
			}
		},
		{
			"from": [10, 7.93357, 7.49091],
			"to": [11.25, 10.43357, 9.24091],
			"rotation": {"angle": -22.5, "axis": "z", "origin": [8.25, 9.90428, 8.55795]},
			"faces": {
				"north": {"uv": [1.25, 0, 2.5, 2.5], "texture": "#0"},
				"east": {"uv": [1.75, 0, 3.5, 2.5], "texture": "#0"},
				"south": {"uv": [1.25, 0, 2.5, 2.5], "texture": "#0"},
				"west": {"uv": [1.75, 0, 3.5, 2.5], "texture": "#0"},
				"up": {"uv": [1.25, 0, 2.5, 1.75], "texture": "#0"},
				"down": {"uv": [1.25, 0, 2.5, 1.75], "texture": "#0"}
			}
		},
		{
			"from": [9.53058, 8.09881, 8],
			"to": [10.53058, 10.34881, 9.5],
			"rotation": {"angle": 22.5, "axis": "z", "origin": [8.25, 9.90428, 8.55795]},
			"faces": {
				"north": {"uv": [1, 0, 2, 2.25], "texture": "#0"},
				"east": {"uv": [1.5, 0, 3, 2.25], "texture": "#0"},
				"south": {"uv": [1, 0, 2, 2.25], "texture": "#0"},
				"west": {"uv": [1.5, 0, 3, 2.25], "texture": "#0"},
				"up": {"uv": [1, 0, 2, 1.5], "texture": "#0"},
				"down": {"uv": [1, 0, 2, 1.5], "texture": "#0"}
			}
		},
		{
			"from": [9.5, 10.75, 8.25],
			"to": [10, 12.5, 9.25],
			"rotation": {"angle": 0, "axis": "y", "origin": [8.25, 9.90428, 8.55795]},
			"faces": {
				"north": {"uv": [0.5, 0, 1, 1.75], "texture": "#0"},
				"east": {"uv": [1, 0, 2, 1.75], "texture": "#0"},
				"south": {"uv": [0.5, 0, 1, 1.75], "texture": "#0"},
				"west": {"uv": [1, 0, 2, 1.75], "texture": "#0"},
				"up": {"uv": [0.5, 0, 1, 1], "texture": "#0"},
				"down": {"uv": [0.5, 0, 1, 1], "texture": "#0"}
			}
		},
		{
			"from": [6.5, 10.75, 8.25],
			"to": [7, 12.5, 9.25],
			"rotation": {"angle": 0, "axis": "y", "origin": [8.25, 9.90428, 8.55795]},
			"faces": {
				"north": {"uv": [0, 0, 0.5, 1.75], "texture": "#0"},
				"east": {"uv": [0, 0, 1, 1.75], "texture": "#0"},
				"south": {"uv": [0, 0, 0.5, 1.75], "texture": "#0"},
				"west": {"uv": [0, 0, 1, 1.75], "texture": "#0"},
				"up": {"uv": [0, 0, 0.5, 1], "texture": "#0"},
				"down": {"uv": [0, 0, 0.5, 1], "texture": "#0"}
			}
		},
		{
			"from": [5.96942, 8.09881, 8],
			"to": [6.96942, 10.34881, 9.5],
			"rotation": {"angle": -22.5, "axis": "z", "origin": [8.25, 9.90428, 8.55795]},
			"faces": {
				"north": {"uv": [0, 0, 1, 2.25], "texture": "#0"},
				"east": {"uv": [0, 0, 1.5, 2.25], "texture": "#0"},
				"south": {"uv": [0, 0, 1, 2.25], "texture": "#0"},
				"west": {"uv": [0, 0, 1.5, 2.25], "texture": "#0"},
				"up": {"uv": [0, 0, 1, 1.5], "texture": "#0"},
				"down": {"uv": [0, 0, 1, 1.5], "texture": "#0"}
			}
		},
		{
			"from": [5.25, 7.93357, 7.49091],
			"to": [6.5, 10.43357, 9.24091],
			"rotation": {"angle": 22.5, "axis": "z", "origin": [8.25, 9.90428, 8.55795]},
			"faces": {
				"north": {"uv": [0, 0, 1.25, 2.5], "texture": "#0"},
				"east": {"uv": [0, 0, 1.75, 2.5], "texture": "#0"},
				"south": {"uv": [0, 0, 1.25, 2.5], "texture": "#0"},
				"west": {"uv": [0, 0, 1.75, 2.5], "texture": "#0"},
				"up": {"uv": [0, 0, 1.25, 1.75], "texture": "#0"},
				"down": {"uv": [0, 0, 1.25, 1.75], "texture": "#0"}
			}
		},
		{
			"from": [4.25, 3.75, 5.5],
			"to": [11.75, 4.25, 11.5],
			"faces": {
				"north": {"uv": [0, 0, 7.5, 0.5], "texture": "#0"},
				"east": {"uv": [0, 0, 6, 0.5], "texture": "#0"},
				"south": {"uv": [0, 0, 7.5, 0.5], "texture": "#0"},
				"west": {"uv": [0, 0, 6, 0.5], "texture": "#0"},
				"up": {"uv": [0, 0, 7.5, 6], "texture": "#0"},
				"down": {"uv": [0, 0, 7.5, 6], "texture": "#0"}
			}
		}
	],
	"display": {
		"thirdperson_righthand": {
			"rotation": [30.25, 0, 0],
			"translation": [0.25, 4.5, 0.75],
			"scale": [0.50781, 0.50781, 0.50781]
		},
		"thirdperson_lefthand": {
			"scale": [0.5625, 0.5625, 0.5625]
		},
		"firstperson_righthand": {
			"translation": [0, 4.25, 0],
			"scale": [0.52344, 0.52344, 0.52344]
		},
		"firstperson_lefthand": {
			"scale": [0.49414, 0.49414, 0.49414]
		},
		"ground": {
			"translation": [0, 3, 0],
			"scale": [0.58984, 0.58984, 0.58984]
		},
		"gui": {
			"rotation": [180, -45, 180],
			"translation": [0, 3.5, 0],
			"scale": [0.5, 0.5, 0.5]
		},
		"head": {
			"translation": [0, 14, 0.75],
			"scale": [1.5, 1.5, 1.5]
		},
		"fixed": {
			"translation": [0, 4, -1.25],
			"scale": [0.62109, 0.62109, 0.62109]
		}
	},
	"groups": [
		0,
		1,
		2,
		3,
		4,
		5,
		6,
		7,
		8,
		9,
		{
			"name": "top",
			"origin": [0.75, -2.25, 0],
			"color": 0,
			"children": [10, 11, 12, 13, 14, 15, 16, 17, 18, 19, 20, 21]
		}
	]
}