{
	"credit": "~ XOXO Azzyypaaras ~",
	"texture_size": [128, 128],
	"textures": {
    "1": "spectrum:block/crystallarieum",
    "particle": "spectrum:block/crystallarieum_particle"
	},
	"elements": [
		{
			"name": "b-inner",
			"from": [15, 16, 15],
			"to": [1, 15, 1],
			"rotation": {"angle": 0, "axis": "y", "origin": [34, 17, 34]},
			"faces": {
				"north": {"uv": [9.75, 2.125, 8, 2], "texture": "#1"},
				"east": {"uv": [9.75, 2.125, 8, 2], "texture": "#1"},
				"south": {"uv": [9.75, 2.125, 8, 2], "texture": "#1"},
				"west": {"uv": [9.75, 2.125, 8, 2], "texture": "#1"},
				"up": {"uv": [11.5, 0.25, 13.25, 2], "texture": "#1"},
				"down": {"uv": [9.75, 2, 11.5, 0.25], "texture": "#1"}
			}
		},
		{
			"name": "b-outside",
			"from": [0, 14, 0],
			"to": [16, 16, 16],
			"rotation": {"angle": 0, "axis": "y", "origin": [8, 14, 8]},
			"faces": {
				"north": {"uv": [2, 2, 4, 2.25], "texture": "#1"},
				"east": {"uv": [0, 2, 2, 2.25], "texture": "#1"},
				"south": {"uv": [6, 2, 8, 2.25], "texture": "#1"},
				"west": {"uv": [4, 2, 6, 2.25], "texture": "#1"},
				"up": {"uv": [4, 2, 2, 0], "texture": "#1"},
				"down": {"uv": [6, 0, 4, 2], "texture": "#1"}
			}
		},
		{
			"from": [14, 10, 0],
			"to": [16, 14, 2],
			"rotation": {"angle": 0, "axis": "y", "origin": [15, 12, 1]},
			"faces": {
				"north": {"uv": [6.25, 0.25, 6.5, 0.75], "texture": "#1"},
				"east": {"uv": [6, 0.25, 6.25, 0.75], "texture": "#1"},
				"south": {"uv": [6.75, 0.25, 7, 0.75], "texture": "#1"},
				"west": {"uv": [6.5, 0.25, 6.75, 0.75], "texture": "#1"},
				"up": {"uv": [6.5, 0.25, 6.25, 0], "texture": "#1"},
				"down": {"uv": [6.75, 0, 6.5, 0.25], "texture": "#1"}
			}
		},
		{
			"from": [14, 10, 14],
			"to": [16, 14, 16],
			"rotation": {"angle": 0, "axis": "y", "origin": [15, 12, 15]},
			"faces": {
				"north": {"uv": [5, 4.5, 5.25, 5], "texture": "#1"},
				"east": {"uv": [4.75, 4.5, 5, 5], "texture": "#1"},
				"south": {"uv": [5.5, 4.5, 5.75, 5], "texture": "#1"},
				"west": {"uv": [5.25, 4.5, 5.5, 5], "texture": "#1"},
				"up": {"uv": [5.25, 4.5, 5, 4.25], "texture": "#1"},
				"down": {"uv": [5.5, 4.25, 5.25, 4.5], "texture": "#1"}
			}
		},
		{
			"from": [0, 10, 14],
			"to": [2, 14, 16],
			"rotation": {"angle": 0, "axis": "y", "origin": [1, 12, 15]},
			"faces": {
				"north": {"uv": [4, 4.5, 4.25, 5], "texture": "#1"},
				"east": {"uv": [3.75, 4.5, 4, 5], "texture": "#1"},
				"south": {"uv": [4.5, 4.5, 4.75, 5], "texture": "#1"},
				"west": {"uv": [4.25, 4.5, 4.5, 5], "texture": "#1"},
				"up": {"uv": [4.25, 4.5, 4, 4.25], "texture": "#1"},
				"down": {"uv": [4.5, 4.25, 4.25, 4.5], "texture": "#1"}
			}
		},
		{
			"from": [0, 10, 0],
			"to": [2, 14, 2],
			"rotation": {"angle": 0, "axis": "y", "origin": [1, 12, 1]},
			"faces": {
				"north": {"uv": [0.25, 4.5, 0.5, 5], "texture": "#1"},
				"east": {"uv": [0, 4.5, 0.25, 5], "texture": "#1"},
				"south": {"uv": [0.75, 4.5, 1, 5], "texture": "#1"},
				"west": {"uv": [0.5, 4.5, 0.75, 5], "texture": "#1"},
				"up": {"uv": [0.5, 4.5, 0.25, 4.25], "texture": "#1"},
				"down": {"uv": [0.75, 4.25, 0.5, 4.5], "texture": "#1"}
			}
		},
		{
			"name": "strut",
			"from": [11, 1, 2],
			"to": [14, 12, 5],
			"rotation": {"angle": 0, "axis": "y", "origin": [13, 12, 3]},
			"faces": {
				"north": {"uv": [0.375, 7.5, 0.75, 8.875], "texture": "#1"},
				"east": {"uv": [0, 7.5, 0.375, 8.875], "texture": "#1"},
				"south": {"uv": [1.125, 7.5, 1.5, 8.875], "texture": "#1"},
				"west": {"uv": [0.75, 7.5, 1.125, 8.875], "texture": "#1"},
				"up": {"uv": [0.75, 7.5, 0.375, 7.125], "texture": "#1"},
				"down": {"uv": [1.125, 7.125, 0.75, 7.5], "texture": "#1"}
			}
		},
		{
			"name": "strut",
			"from": [2, 1, 2],
			"to": [5, 12, 5],
			"rotation": {"angle": 0, "axis": "y", "origin": [4, 12, 3]},
			"faces": {
				"north": {"uv": [7.375, 6.375, 7.75, 7.75], "texture": "#1"},
				"east": {"uv": [7, 6.375, 7.375, 7.75], "texture": "#1"},
				"south": {"uv": [8.125, 6.375, 8.5, 7.75], "texture": "#1"},
				"west": {"uv": [7.75, 6.375, 8.125, 7.75], "texture": "#1"},
				"up": {"uv": [7.75, 6.375, 7.375, 6], "texture": "#1"},
				"down": {"uv": [8.125, 6, 7.75, 6.375], "texture": "#1"}
			}
		},
		{
			"name": "strut",
			"from": [2, 1, 11],
			"to": [5, 12, 14],
			"rotation": {"angle": 0, "axis": "y", "origin": [4, 12, 12]},
			"faces": {
				"north": {"uv": [0.375, 2.625, 0.75, 4], "texture": "#1"},
				"east": {"uv": [0, 2.625, 0.375, 4], "texture": "#1"},
				"south": {"uv": [1.125, 2.625, 1.5, 4], "texture": "#1"},
				"west": {"uv": [0.75, 2.625, 1.125, 4], "texture": "#1"},
				"up": {"uv": [0.75, 2.625, 0.375, 2.25], "texture": "#1"},
				"down": {"uv": [1.125, 2.25, 0.75, 2.625], "texture": "#1"}
			}
		},
		{
			"name": "strut",
			"from": [11, 1, 11],
			"to": [14, 12, 14],
			"rotation": {"angle": 0, "axis": "y", "origin": [13, 12, 12]},
			"faces": {
				"north": {"uv": [0.375, 0.375, 0.75, 1.75], "texture": "#1"},
				"east": {"uv": [0, 0.375, 0.375, 1.75], "texture": "#1"},
				"south": {"uv": [1.125, 0.375, 1.5, 1.75], "texture": "#1"},
				"west": {"uv": [0.75, 0.375, 1.125, 1.75], "texture": "#1"},
				"up": {"uv": [0.75, 0.375, 0.375, 0], "texture": "#1"},
				"down": {"uv": [1.125, 0, 0.75, 0.375], "texture": "#1"}
			}
		},
		{
			"name": "foot",
			"from": [1, 0, 1],
			"to": [15, 1, 15],
			"rotation": {"angle": 0, "axis": "y", "origin": [7, 0, 7]},
			"faces": {
				"north": {"uv": [1.75, 4, 3.5, 4.125], "texture": "#1"},
				"east": {"uv": [0, 4, 1.75, 4.125], "texture": "#1"},
				"south": {"uv": [5.25, 4, 7, 4.125], "texture": "#1"},
				"west": {"uv": [3.5, 4, 5.25, 4.125], "texture": "#1"},
				"up": {"uv": [3.5, 4, 1.75, 2.25], "texture": "#1"},
				"down": {"uv": [5.25, 2.25, 3.5, 4], "texture": "#1"}
			}
		},
		{
			"name": "support",
			"from": [12.08437, 15.79515, 2],
			"to": [14.08437, 19.79515, 14],
			"rotation": {"angle": -45, "axis": "z", "origin": [8, 14.65355, 8]},
			"faces": {
				"north": {"uv": [5, 7.5, 5.25, 8], "texture": "#1"},
				"east": {"uv": [3.5, 7.5, 5, 8], "texture": "#1"},
				"south": {"uv": [6.75, 7.5, 7, 8], "texture": "#1"},
				"west": {"uv": [5.25, 7.5, 6.75, 8], "texture": "#1"},
				"up": {"uv": [5.25, 7.5, 5, 6], "texture": "#1"},
				"down": {"uv": [5.5, 6, 5.25, 7.5], "texture": "#1"}
			}
		},
		{
			"name": "support",
			"from": [2, 15.79515, 12.08437],
			"to": [14, 19.79515, 14.08437],
			"rotation": {"angle": 45, "axis": "x", "origin": [8, 14.65355, 8]},
			"faces": {
				"north": {"uv": [5.5, 3.25, 7, 3.75], "texture": "#1"},
				"east": {"uv": [5.25, 3.25, 5.5, 3.75], "texture": "#1"},
				"south": {"uv": [7.25, 3.25, 8.75, 3.75], "texture": "#1"},
				"west": {"uv": [7, 3.25, 7.25, 3.75], "texture": "#1"},
				"up": {"uv": [7, 3.25, 5.5, 3], "texture": "#1"},
				"down": {"uv": [8.5, 3, 7, 3.25], "texture": "#1"}
			}
		},
		{
			"name": "support",
			"from": [1.91563, 15.79515, 2],
			"to": [3.91563, 19.79515, 14],
			"rotation": {"angle": 45, "axis": "z", "origin": [8, 14.65355, 8]},
			"faces": {
				"north": {"uv": [7.5, 1.5, 7.75, 2], "texture": "#1"},
				"east": {"uv": [6, 1.5, 7.5, 2], "texture": "#1"},
				"south": {"uv": [9.25, 1.5, 9.5, 2], "texture": "#1"},
				"west": {"uv": [7.75, 1.5, 9.25, 2], "texture": "#1"},
				"up": {"uv": [7.75, 1.5, 7.5, 0], "texture": "#1"},
				"down": {"uv": [8, 0, 7.75, 1.5], "texture": "#1"}
			}
		},
		{
			"name": "support",
			"from": [2, 15.79515, 1.91563],
			"to": [14, 19.79515, 3.91563],
			"rotation": {"angle": -45, "axis": "x", "origin": [8, 14.65355, 8]},
			"faces": {
				"north": {"uv": [5.5, 2.5, 7, 3], "texture": "#1"},
				"east": {"uv": [5.25, 2.5, 5.5, 3], "texture": "#1"},
				"south": {"uv": [7.25, 2.5, 8.75, 3], "texture": "#1"},
				"west": {"uv": [7, 2.5, 7.25, 3], "texture": "#1"},
				"up": {"uv": [7, 2.5, 5.5, 2.25], "texture": "#1"},
				"down": {"uv": [8.5, 2.25, 7, 2.5], "texture": "#1"}
			}
		},
		{
			"name": "b-outside",
			"from": [3, 1, 3],
			"to": [13, 14, 13],
			"rotation": {"angle": 0, "axis": "y", "origin": [8, 2, 8]},
			"faces": {
				"north": {"uv": [1.25, 5.5, 2.5, 7.125], "texture": "#1"},
				"east": {"uv": [0, 5.5, 1.25, 7.125], "texture": "#1"},
				"south": {"uv": [3.75, 5.5, 5, 7.125], "texture": "#1"},
				"west": {"uv": [2.5, 5.5, 3.75, 7.125], "texture": "#1"},
				"up": {"uv": [2.5, 5.5, 1.25, 4.25], "texture": "#1"},
				"down": {"uv": [3.75, 4.25, 2.5, 5.5], "texture": "#1"}
			}
		},
		{
			"name": "b-inner",
			"from": [13, 9, 13],
			"to": [3, 6, 3],
			"rotation": {"angle": 0, "axis": "y", "origin": [28, 7, 28]},
			"faces": {
				"north": {"uv": [1.5, 9.25, 0.25, 8.875], "texture": "#1"},
				"east": {"uv": [1.5, 9.25, 0.25, 8.875], "texture": "#1"},
				"south": {"uv": [1.5, 9.25, 0.25, 8.875], "texture": "#1"},
				"west": {"uv": [1.25, 9.25, 0, 8.875], "texture": "#1"},
				"up": {"uv": [2.75, 8, 4, 9.25], "texture": "#1"},
				"down": {"uv": [1.5, 9.25, 2.75, 8], "texture": "#1"}
			}
		}
	],
	"display": {
		"thirdperson_righthand": {
			"rotation": [75, 45, 0],
			"translation": [0, 2.5, 0],
			"scale": [0.375, 0.375, 0.375]
		},
		"thirdperson_lefthand": {
			"rotation": [75, 45, 0],
			"translation": [0, 2.5, 0],
			"scale": [0.375, 0.375, 0.375]
		},
		"firstperson_righthand": {
			"rotation": [0, 45, 0],
			"scale": [0.4, 0.4, 0.4]
		},
		"firstperson_lefthand": {
			"rotation": [0, 225, 0],
			"scale": [0.4, 0.4, 0.4]
		},
		"ground": {
			"translation": [0, 3, 0],
			"scale": [0.25, 0.25, 0.25]
		},
		"gui": {
			"rotation": [30, 225, 0],
			"translation": [0, -0.25, 0],
			"scale": [0.625, 0.625, 0.625]
		},
		"fixed": {
			"scale": [0.5, 0.5, 0.5]
		}
	},
	"groups": [
		{
			"name": "bone",
			"origin": [8, 14, 8],
			"color": 2,
			"children": [
				0,
				1,
				{
					"name": "stumps",
					"origin": [8, 14, 8],
					"color": 2,
					"children": [2, 3, 4, 5]
				}
			]
		},
		{
			"name": "supports",
			"origin": [8, 14, 8],
			"color": 3,
			"children": [6, 7, 8, 9]
		},
		10,
		{
			"name": "neck",
			"origin": [15, 13, 8],
			"color": 0,
			"children": [11, 12, 13, 14]
		},
		{
			"name": "body",
			"origin": [8, 0, 8],
			"color": 9,
			"children": [15, 16]
		}
	]
}